Workbook

Sheet Actuals
A1: Date | B1: Region | C1: Product Line | D1: Revenue | E1: COGS | F1: Opex
A2: 45292 | B2: Karachi | C2: Audit | D2: 2531026 | E2: 809928 | F2: 455585
A3: =IF(MOD(ROW()-2,4)=0, DATE(YEAR(A2),MONTH(A2)+1,1), A2) -> 45292 | B3: Lahore | C3: Audit | D3: 2802820 | E3: 896902 | F3: 504508
A4: =IF(MOD(ROW()-2,4)=0, DATE(YEAR(A3),MONTH(A3)+1,1), A3) -> 45292 | B4: Islamabad | C4: Audit | D4: 2283945 | E4: 730862 | F4: 411110
A5: =IF(MOD(ROW()-2,4)=0, DATE(YEAR(A4),MONTH(A4)+1,1), A4) -> 45292 | B5: Peshawer | C5: Audit | D5: 1329314 | E5: 425380 | F5: 239277
A6: =IF(MOD(ROW()-2,4)=0, DATE(YEAR(A5),MONTH(A5)+1,1), A5) -> 45323 | B6: Karachi | C6: Audit | D6: 2663789 | E6: 852412 | F6: 479482
A7: =IF(MOD(ROW()-2,4)=0, DATE(YEAR(A6),MONTH(A6)+1,1), A6) -> 45323 | B7: Lahore | C7: Audit | D7: 1992408 | E7: 637571 | F7: 358633
A8: =IF(MOD(ROW()-2,4)=0, DATE(YEAR(A7),MONTH(A7)+1,1), A7) -> 45323 | B8: Islamabad | C8: Audit | D8: 2375575 | E8: 760184 | F8: 427604
A9: =IF(MOD(ROW()-2,4)=0, DATE(YEAR(A8),MONTH(A8)+1,1), A8) -> 45323 | B9: Peshawer | C9: Audit | D9: 2217439 | E9: 709580 | F9: 399139
A10: =IF(MOD(ROW()-2,4)=0, DATE(YEAR(A9),MONTH(A9)+1,1), A9) -> 45352 | B10: Karachi | C10: Audit | D10: 910827 | E10: 291465 | F10: 163949
A11: =IF(MOD(ROW()-2,4)=0, DATE(YEAR(A10),MONTH(A10)+1,1), A10) -> 45352 | B11: Lahore | C11: Audit | D11: 1801628 | E11: 576521 | F11: 324293
A12: =IF(MOD(ROW()-2,4)=0, DATE(YEAR(A11),MONTH(A11)+1,1), A11) -> 45352 | B12: Islamabad | C12: Audit | D12: 1237195 | E12: 395902 | F12: 222695
A13: =IF(MOD(ROW()-2,4)=0, DATE(YEAR(A12),MONTH(A12)+1,1), A12) -> 45352 | B13: Peshawer | C13: Audit | D13: 2092745 | E13: 669678 | F13: 376694
A14: =IF(MOD(ROW()-2,4)=0, DATE(YEAR(A13),MONTH(A13)+1,1), A13) -> 45383 | B14: Karachi | C14: Audit | D14: 3243047 | E14: 1037775 | F14: 583748
... A97: =IF(MOD(ROW()-2,4)=0, DATE(YEAR(A96),MONTH(A96)+1,1), A96) -> 45992 | B97: Peshawer | C97: Audit | D97: 2880413 | E97: 921732 | F97: 518474

Sheet Budget
A1: Date | B1: Region | C1: Product Line | D1: Budget_Revenue | E1: Budget_COGS | F1: Budget_Opex
A2: 45292 | B2: Karachi | C2: Audit | D2: =ROUND(Actuals!D2*1.05,0) -> 2657577 | E2: =ROUND(D2*0.32,0) -> 850425 | F2: =ROUND(D2*0.18,0) -> 478364
A3: =IF(MOD(ROW()-2,4)=0, DATE(YEAR(A2),MONTH(A2)+1,1), A2) -> 45292 | B3: Lahore | C3: Audit | D3: =ROUND(Actuals!D3*1.05,0) -> 2942961 | E3: =ROUND(D3*0.32,0) -> 941748 | F3: =ROUND(D3*0.18,0) -> 529733
A4: =IF(MOD(ROW()-2,4)=0, DATE(YEAR(A3),MONTH(A3)+1,1), A3) -> 45292 | B4: Islamabad | C4: Audit | D4: =ROUND(Actuals!D4*1.05,0) -> 2398142 | E4: =ROUND(D4*0.32,0) -> 767405 | F4: =ROUND(D4*0.18,0) -> 431666
A5: =IF(MOD(ROW()-2,4)=0, DATE(YEAR(A4),MONTH(A4)+1,1), A4) -> 45292 | B5: Peshawer | C5: Audit | D5: =ROUND(Actuals!D5*1.05,0) -> 1395780 | E5: =ROUND(D5*0.32,0) -> 446650 | F5: =ROUND(D5*0.18,0) -> 251240
A6: =IF(MOD(ROW()-2,4)=0, DATE(YEAR(A5),MONTH(A5)+1,1), A5) -> 45323 | B6: Karachi | C6: Audit | D6: =ROUND(Actuals!D6*1.05,0) -> 2796978 | E6: =ROUND(D6*0.32,0) -> 895033 | F6: =ROUND(D6*0.18,0) -> 503456
A7: =IF(MOD(ROW()-2,4)=0, DATE(YEAR(A6),MONTH(A6)+1,1), A6) -> 45323 | B7: Lahore | C7: Audit | D7: =ROUND(Actuals!D7*1.05,0) -> 2092028 | E7: =ROUND(D7*0.32,0) -> 669449 | F7: =ROUND(D7*0.18,0) -> 376565
A8: =IF(MOD(ROW()-2,4)=0, DATE(YEAR(A7),MONTH(A7)+1,1), A7) -> 45323 | B8: Islamabad | C8: Audit | D8: =ROUND(Actuals!D8*1.05,0) -> 2494354 | E8: =ROUND(D8*0.32,0) -> 798193 | F8: =ROUND(D8*0.18,0) -> 448984
A9: =IF(MOD(ROW()-2,4)=0, DATE(YEAR(A8),MONTH(A8)+1,1), A8) -> 45323 | B9: Peshawer | C9: Audit | D9: =ROUND(Actuals!D9*1.05,0) -> 2328311 | E9: =ROUND(D9*0.32,0) -> 745060 | F9: =ROUND(D9*0.18,0) -> 419096
A10: =IF(MOD(ROW()-2,4)=0, DATE(YEAR(A9),MONTH(A9)+1,1), A9) -> 45352 | B10: Karachi | C10: Audit | D10: =ROUND(Actuals!D10*1.05,0) -> 956368 | E10: =ROUND(D10*0.32,0) -> 306038 | F10: =ROUND(D10*0.18,0) -> 172146
A11: =IF(MOD(ROW()-2,4)=0, DATE(YEAR(A10),MONTH(A10)+1,1), A10) -> 45352 | B11: Lahore | C11: Audit | D11: =ROUND(Actuals!D11*1.05,0) -> 1891709 | E11: =ROUND(D11*0.32,0) -> 605347 | F11: =ROUND(D11*0.18,0) -> 340508
A12: =IF(MOD(ROW()-2,4)=0, DATE(YEAR(A11),MONTH(A11)+1,1), A11) -> 45352 | B12: Islamabad | C12: Audit | D12: =ROUND(Actuals!D12*1.05,0) -> 1299055 | E12: =ROUND(D12*0.32,0) -> 415698 | F12: =ROUND(D12*0.18,0) -> 233830
A13: =IF(MOD(ROW()-2,4)=0, DATE(YEAR(A12),MONTH(A12)+1,1), A12) -> 45352 | B13: Peshawer | C13: Audit | D13: =ROUND(Actuals!D13*1.05,0) -> 2197382 | E13: =ROUND(D13*0.32,0) -> 703162 | F13: =ROUND(D13*0.18,0) -> 395529
A14: =IF(MOD(ROW()-2,4)=0, DATE(YEAR(A13),MONTH(A13)+1,1), A13) -> 45383 | B14: Karachi | C14: Audit | D14: =ROUND(Actuals!D14*1.05,0) -> 3405199 | E14: =ROUND(D14*0.32,0) -> 1089664 | F14: =ROUND(D14*0.18,0) -> 612936
... A97: =IF(MOD(ROW()-2,4)=0, DATE(YEAR(A96),MONTH(A96)+1,1), A96) -> 45992 | B97: Peshawer | C97: Audit | D97: =ROUND(Actuals!D97*1.05,0) -> 3024434 | E97: =ROUND(D97*0.32,0) -> 967819 | F97: =ROUND(D97*0.18,0) -> 544398
